{"cameraMode":{"drawMode":0,"name":"Shaded","section":"Shading Mode"},"sceneLighting":true,"audioPlay":false,"sceneViewState":{"m_AlwaysRefresh":false,"showFog":true,"showSkybox":true,"showFlares":true,"showImageEffects":true,"showParticleSystems":true,"showVisualEffectGraphs":true,"m_FxEnabled":true},"in2DMode":false,"pivot":{"x":3.268983840942383,"y":1.448028326034546,"z":-29.136220932006837},"rotation":{"x":-0.004394602961838245,"y":-0.9929138422012329,"z":0.04056591913104057,"w":-0.1128002256155014},"size":19.067045211791993,"orthographic":false}