{"cameraMode":{"drawMode":0,"name":"Shaded","section":"Shading Mode"},"sceneLighting":true,"audioPlay":false,"sceneViewState":{"m_AlwaysRefresh":false,"showFog":true,"showSkybox":true,"showFlares":true,"showImageEffects":true,"showParticleSystems":true,"showVisualEffectGraphs":true,"m_FxEnabled":true},"in2DMode":false,"pivot":{"x":3.855490207672119,"y":3.3933048248291017,"z":-11.776690483093262},"rotation":{"x":0.008664165623486042,"y":-0.9616215825080872,"z":0.030602172017097474,"w":0.2726656198501587},"size":0.4831080138683319,"orthographic":false}