{"cameraMode":{"drawMode":0,"name":"Shaded","section":"Shading Mode"},"sceneLighting":false,"audioPlay":false,"sceneViewState":{"m_AlwaysRefresh":false,"showFog":false,"showSkybox":false,"showFlares":false,"showImageEffects":false,"showParticleSystems":false,"showVisualEffectGraphs":true,"m_FxEnabled":true},"in2DMode":false,"pivot":{"x":-0.5712456107139587,"y":3.4819087982177736,"z":-1.1628968715667725},"rotation":{"x":-0.009761227294802666,"y":-0.9811148643493652,"z":0.18645907938480378,"w":-0.05126249045133591},"size":5.945703506469727,"orthographic":false}